episode,reward,vehicle_location,waypoint,duration,timesteps,collisions,lane_invasions,avg_speed,total_distance,max_speed
0,-9.505006064113486,"Location(x=-2.926918, y=-213.585800, z=0.044465)","Location(x=-3.065168, y=-208.084518, z=0.000000)",13.908031225204468,378,1,4,16.955855650376794,9699.802219389006,22.300862635441884
1,-17.044482775922276,"Location(x=114.357948, y=-216.283691, z=0.151965)","Location(x=114.077927, y=-205.140701, z=0.000000)",32.37151622772217,901,1,15,18.479358515157177,64961.30043386668,21.81970697396838
2,-10.185305698887488,"Location(x=160.026840, y=-152.073776, z=6.200718)","Location(x=154.325363, y=-152.172943, z=6.153796)",15.053342819213867,442,1,23,17.308749051082895,13625.151886053383,22.17717619041283
3,-8.378160423616894,"Location(x=-8.812806, y=-121.226044, z=0.043854)","Location(x=-4.493545, y=-121.119461, z=0.000000)",23.96764373779297,439,1,4,17.320115993571182,13558.304495082237,22.22389478303867
4,-8.222022991702977,"Location(x=-8.091874, y=-13.907999, z=0.088967)","Location(x=-9.813071, y=-17.156002, z=0.000000)",8.918111324310303,207,1,1,14.93596319579313,2267.388159316033,21.35330621001983
5,-9.02256623931856,"Location(x=211.595291, y=14.585689, z=0.076606)","Location(x=211.668533, y=9.682525, z=0.000000)",13.987060308456421,398,1,8,17.183725155339022,10986.254662629217,21.93160111953436
